0,873.150061035156
0.0009619489,873.155798339844
0.0030622485,873.165747070313
0.0059302556,873.186376953125
0.009069744,873.192541503906
0.011937751,873.218115234375
0.014038051,873.213720703125
0.015,873.246496582031
0.015961949,873.224401855469
0.018062249,873.24912109375
0.020930255,873.252722167969
0.024069743,873.281469726562
0.026937751,873.285986328125
0.029038051,873.312536621094
0.03,873.291906738281
0.030961948,873.323828125
0.03306225,873.323583984375
0.035930257,873.353186035156
0.039069746,873.363134765625
0.041937754,873.394262695313
0.044038054,873.395300292969
0.045,873.428015136719
0.04596195,873.409460449219
0.04806225,873.438024902344
0.050930258,873.448583984375
0.054069743,873.483435058594
0.05693775,873.495397949219
0.05903805,873.525732421875
0.06,873.508520507813
0.060961947,873.541662597656
0.06306225,873.546606445312
0.065930255,873.582373046875
0.06906974,873.600134277344
0.071937755,873.637365722656
0.07403805,873.644140625
0.075,873.678015136719
0.075961955,873.662512207031
0.07806225,873.695715332031
0.08093026,873.713293457031
0.084069744,873.755346679688
0.086937755,873.774328613281
0.08903805,873.8091796875
0.09,873.795141601562
0.090961955,873.829809570312
0.09306225,873.83994140625
0.095930256,873.882543945313
0.099069744,873.9078125
0.10193775,873.951574707031
0.104038045,873.963720703125
0.105,873.999365234375
0.10596195,873.986669921875
0.108062245,874.024633789063
0.11093026,874.049230957031
0.11406974,874.098669433594
0.11693775,874.124487304687
0.119038045,874.164404296875
0.12,874.152746582031
0.12096195,874.189733886719
0.123062246,874.204992675781
0.12593025,874.254064941406
0.12906975,874.287084960938
0.13193776,874.337622070313
0.13403806,874.354772949219
0.135,874.392614746094
0.13596195,874.382238769531
0.13806225,874.425268554688
0.14093027,874.456640625
0.14406975,874.513464355469
0.14693776,874.546301269531
0.14903806,874.591101074219
0.15,874.581701660156
0.15096195,874.620886230469
0.15306225,874.641088867188
0.15593027,874.697119140625
0.15906975,874.737463378906
0.16193776,874.794836425781
0.16403806,874.816870117187
0.165,874.857153320312
0.16596195,874.848913574219
0.16806225,874.896887207031
0.17093027,874.935034179688
0.17406975,874.999304199219
0.17693776,875.038732910156
0.17903806,875.0884765625
0.18,875.081213378906
0.18096195,875.122839355469
0.18306226,875.147802734375
0.18593025,875.210546875
0.18906975,875.258215332031
0.19193774,875.32236328125
0.19403805,875.349096679688
0.195,875.391821289063
0.19596194,875.385534667969
0.19806224,875.438513183594
0.20093025,875.483190917969
0.20406973,875.554724121094
0.20693775,875.600561523438
0.20903805,875.65537109375
0.21,875.65
0.21096194,875.694128417969
0.21306224,875.723791503906
0.21593025,875.793188476563
0.21906973,875.847875976563
0.22193775,875.918493652344
0.22403805,875.949987792969
0.225,875.995092773437
0.22596194,875.990759277344
0.22806224,876.048620605469
0.23093025,876.099584960937
0.23406973,876.178381347656
0.23693775,876.23056640625
0.23903805,876.290014648438
0.24,876.286535644531
0.24096194,876.333166503906
0.24306224,876.36728515625
0.24593025,876.443212890625
0.24906974,876.504614257813
0.25193775,876.581884765625
0.25403804,876.617590332031
0.255,876.665258789063
0.25596195,876.662634277344
0.25806224,876.7251953125
0.26093027,876.78232421875
0.26406974,876.868017578125
0.26693776,876.9263671875
0.26903805,876.990637207031
0.27,876.988745117188
0.27096197,877.037878417969
0.27306226,877.07626953125
0.27593026,877.158605957031
0.27906975,877.226538085938
0.28193775,877.309973144531
0.28403804,877.350073242187
0.285,877.400061035156
0.28596196,877.3990234375
0.28806224,877.46640625
0.29093027,877.529333496094
0.29406974,877.621801757812
0.29693776,877.685766601562
0.29903805,877.754675292969
0.3,877.754431152344
0.30096197,877.805883789062
0.30306226,877.848486328125
0.30593026,877.936865234375
0.30906975,878.010900878906
0.31193775,878.100561523437
0.31403804,878.144689941406
0.315,878.197180175781
0.31596196,878.197668457031
0.31806225,878.269506835938
0.32093027,878.337866210937
0.32406974,878.436865234375
0.32693776,878.5064453125
0.32903805,878.579809570313
0.33,878.580969238281
0.33096197,878.634680175781
0.33306226,878.68125
0.33593026,878.775427246094
0.33906975,878.85556640625
0.34193775,878.950903320312
0.34403804,878.998754882812
0.345,879.053747558594
0.34596196,879.055456542969
0.34806225,879.131567382813
0.35093027,879.205419921875
0.35406974,879.310461425781
0.35693777,879.385290527344
0.35903805,879.462866210938
0.36,879.465307617187
0.36096197,879.521459960938
0.36306226,879.571630859375
0.36593026,879.671362304688
0.36906976,879.756994628906
0.37193775,879.857946777344
0.37403804,879.909521484375
0.375,879.966589355469
0.37596196,879.969702148438
0.37806225,880.049841308594
0.38093024,880.128515625
0.38406974,880.239599609375
0.38693774,880.319372558594
0.38903803,880.400915527344
0.39,880.404455566406
0.39096195,880.462866210937
0.39306223,880.516455078125
0.39593026,880.621435546875
0.39906973,880.7125
0.40193775,880.818518066406
0.40403804,880.873449707031
0.405,880.932775878906
0.40596196,880.936865234375
0.40806225,881.021032714844
0.41093025,881.104345703125
0.41406974,881.22080078125
0.41693774,881.305090332031
0.41903803,881.390478515625
0.42,881.395239257813
0.42096195,881.455786132812
0.42306224,881.512365722656
0.42593026,881.622534179687
0.42906973,881.718176269531
0.43193775,881.829260253906
0.43403804,881.887182617188
0.435,881.948583984375
0.43596196,881.953649902344
0.43806225,882.041296386719
0.44093025,882.12900390625
0.44406974,882.250769042969
0.44693774,882.339208984375
0.44903803,882.427954101562
0.45,882.433630371094
0.45096195,882.49619140625
0.45306224,882.555883789063
0.45593026,882.6705078125
0.45906973,882.770788574219
0.46193776,882.886267089844
0.46403804,882.947058105469
0.465,883.010534667969
0.46596196,883.016271972656
0.46806225,883.107458496094
0.47093025,883.199011230469
0.47406974,883.325537109375
0.47693774,883.417761230469
0.47903803,883.509924316406
0.48,883.516027832031
0.48096195,883.580786132812
0.48306224,883.642980957031
0.48593026,883.76181640625
0.48906973,883.866247558594
0.49193776,883.985815429688
0.49403805,884.049108886719
0.495,884.114538574219
0.49596196,884.120947265625
0.49806225,884.215307617188
0.50093025,884.31015625
0.50406975,884.441137695313
0.50693774,884.536779785156
0.50903803,884.632055664063
0.51,884.638891601563
0.51096195,884.705297851563
0.51306224,884.769812011719
0.51593024,884.89267578125
0.51906973,885.000524902344
0.5219377,885.123937988281
0.524038,885.189245605469
0.525,885.256567382812
0.52596194,885.263586425781
0.5280622,885.360632324219
0.5309302,885.458776855469
0.5340698,885.593481445313
0.5369378,885.692297363281
0.53903806,885.79013671875
0.54,885.7974609375
0.540962,885.865637207031
0.54306227,885.932165527344
0.54593027,886.058447265625
0.54906976,886.169409179687
0.55193776,886.296301269531
0.55403805,886.363623046875
0.555,886.432531738281
0.55596197,886.439794921875
0.55806226,886.539465332031
0.56093025,886.640295410156
0.56406975,886.778540039063
0.56693774,886.879797363281
0.56903803,886.980200195313
0.57,886.987585449219
0.57096195,887.057592773438
0.57306224,887.125708007813
0.57593024,887.255163574219
0.57906973,887.36875
0.58193773,887.4986328125
0.584038,887.567419433594
0.585,887.638037109375
0.58596194,887.645361328125
0.5880622,887.747351074219
0.5909302,887.850378417969
0.5940698,887.991613769531
0.5969378,888.095129394531
0.59903806,888.197607421875
0.6,888.20517578125
0.600962,888.276525878906
0.6030623,888.346105957031
0.60593027,888.478063964844
0.60906976,888.594091796875
0.61193776,888.726354980469
0.61403805,888.796423339844
0.615,888.868505859375
0.61596197,888.875952148437
0.61806226,888.979772949219
0.62093025,889.084509277344
0.62406975,889.228430175781
0.62693775,889.333532714844
0.62903804,889.437902832031
0.63,889.445471191406
0.63096195,889.5181640625
0.63306224,889.588598632813
0.63593024,889.722937011719
0.63906974,889.840551757813
0.64193773,889.975073242188
0.644038,890.045935058594
0.645,890.119482421875
0.64596194,890.126623535156
0.6480622,890.232214355469
0.6509302,890.338232421875
0.6540698,890.484350585938
0.6569378,890.590490722656
0.65903807,890.696447753906
0.66,890.703649902344
0.660962,890.777868652344
0.6630623,890.848974609375
0.6659303,890.984899902344
0.66906977,891.103735351562
0.67193776,891.239965820312
0.67403805,891.311499023438
0.675,891.386145019531
0.675962,891.392980957031
0.67806226,891.499853515625
0.68093026,891.606726074219
0.68406975,891.7544921875
0.68693775,891.861486816406
0.68903804,891.968725585937
0.69,891.975256347656
0.69096196,892.050756835937
0.69306225,892.122106933594
0.69593024,892.259436035156
0.69906974,892.379064941406
0.70193774,892.516516113281
0.704038,892.588171386719
0.705,892.664038085938
0.70596194,892.670141601563
0.70806223,892.778234863281
0.7109302,892.885412597656
0.7140698,893.034155273437
0.7169378,893.141516113281
0.71903807,893.249609375
0.72,893.255590820312
0.720962,893.33212890625
0.7230623,893.403479003906
0.7259303,893.541845703125
0.72906977,893.661413574219
0.73193777,893.799780273437
0.73403805,893.87119140625
0.735,893.948095703125
0.735962,893.953527832031
0.73806226,894.062231445312
0.74093026,894.169348144531
0.74406976,894.318823242188
0.74693775,894.425939941406
0.74903804,894.534643554687
0.75,894.539770507813
0.75096196,894.617224121094
0.75306225,894.688208007812
0.75593024,894.827001953125
0.75906974,894.946264648437
0.76193774,895.08505859375
0.764038,895.155981445313
0.765,895.233740234375
0.76596195,895.238134765625
0.76806223,895.347326660156
0.77093023,895.453771972656
0.7740697,895.603552246094
0.7769377,895.709936523438
0.779038,895.818884277344
0.78,895.822973632813
0.78096193,895.901281738281
0.7830622,895.971533203125
0.7859302,896.110327148437
0.7890698,896.228735351563
0.79193777,896.367468261719
0.79403806,896.437475585937
0.795,896.516027832031
0.795962,896.519384765625
0.79806226,896.628515625
0.80093026,896.734045410156
0.80406976,896.883337402344
0.80693775,896.988623046875
0.80903804,897.097570800781
0.81,897.100439453125
0.81096196,897.179602050781
0.81306225,897.248571777344
0.81593025,897.387121582031
0.81906974,897.50400390625
0.82193774,897.6421875
0.824038,897.710913085938
0.825,897.790319824219
0.82596195,897.792150878906
0.82806224,897.901159667969
0.83093023,898.005163574219
0.8340697,898.153723144531
0.8369377,898.257482910156
0.839038,898.366064453125
0.84,898.367468261719
0.84096193,898.447058105469
0.8430622,898.51474609375
0.8459302,898.652319335938
0.8490698,898.767370605469
0.8519378,898.904760742187
0.85403806,898.971899414062
0.855,899.051794433594
0.855962,899.052038574219
0.85806227,899.160559082031
0.86093026,899.262426757812
0.86406976,899.409765625
0.86693776,899.511389160156
0.86903805,899.619421386719
0.87,899.619116210937
0.87096196,899.69931640625
0.87306225,899.765112304688
0.87593025,899.90146484375
0.87906975,900.014074707031
0.88193774,900.15
0.88403803,900.215307617187
0.885,900.295629882812
0.88596195,900.294226074219
0.88806224,900.401953125
0.89093024,900.501318359375
0.89406973,900.646948242187
0.8969377,900.745947265625
0.899038,900.853002929687
0.9,900.850744628906
0.90096194,900.931433105469
0.9030622,900.99521484375
0.9059302,901.129797363281
0.9090698,901.239538574219
0.9119378,901.3736328125
0.91403806,901.436682128906
0.915,901.517492675781
0.915962,901.514013671875
0.91806227,901.620458984375
0.92093027,901.717199707031
0.92406976,901.860510253906
0.92693776,901.956518554687
0.92903805,902.062353515625
0.93,902.058203125
0.93096197,902.139135742188
0.93306226,902.20029296875
0.93593025,902.332800292969
0.93906975,902.439123535156
0.94193774,902.571142578125
0.94403803,902.6314453125
0.945,902.712316894531
0.94596195,902.706884765625
0.94806224,902.812109375
0.95093024,902.90537109375
0.95406973,903.04599609375
0.95693773,903.138708496094
0.959038,903.242895507812
0.96,903.236486816406
0.96096194,903.317663574219
0.9630622,903.376013183594
0.9659302,903.506018066406
0.9690698,903.60849609375
0.9719378,903.737890625
0.97403806,903.795263671875
0.975,903.876440429688
0.975962,903.868688964844
0.9780623,903.971960449219
0.98093027,904.061499023437
0.98406976,904.199133300781
0.98693776,904.287878417969
0.98903805,904.390356445312
0.99,904.381506347656
0.99096197,904.462927246094
0.99306226,904.518041992188
0.99593025,904.6451171875
0.99906975,904.74326171875
1.0019377,904.869787597656
1.0040381,904.923803710937
1.005,905.005163574219
1.0059619,904.994665527344
1.0080622,905.096166992188
1.0109303,905.181433105469
1.0140697,905.315649414063
1.0169377,905.400061035156
1.0190381,905.500402832031
1.02,905.489050292969
1.0209619,905.570532226563
1.0230622,905.622106933594
1.0259303,905.746069335937
1.0290697,905.839270019531
1.0319377,905.962377929687
1.0340381,906.013037109375
1.035,906.094274902344
1.0359619,906.081213378906
1.0380622,906.180395507812
1.0409303,906.261083984375
1.0440696,906.391394042969
1.0469377,906.471105957031
1.049038,906.569189453125
1.05,906.555029296875
1.0509619,906.636328125
1.0530622,906.684240722656
1.0559303,906.804602050781
1.0590698,906.892614746094
1.0619378,907.011999511719
1.0640382,907.058752441406
1.065,907.139929199219
1.065962,907.123876953125
1.0680623,907.220861816406
1.0709304,907.296362304687
1.0740697,907.422399902344
1.0769378,907.497106933594
1.0790381,907.592626953125
1.08,907.575537109375
1.080962,907.656896972656
1.0830623,907.700598144531
1.0859303,907.817053222656
1.0890697,907.899389648438
1.0919378,908.014868164062
1.0940381,908.057348632813
1.095,908.138403320313
1.0959619,908.119421386719
1.0980623,908.2134765625
1.1009303,908.2837890625
1.1040697,908.405187988281
1.1069378,908.474340820312
1.1090381,908.567236328125
1.11,908.546789550781
1.1109619,908.628149414063
1.1130623,908.667578125
1.1159303,908.779638671875
1.1190697,908.8560546875
1.1219378,908.967138671875
1.1240381,909.005224609375
1.125,909.086157226563
1.1259619,909.063879394531
1.1280622,909.155249023437
1.1309303,909.219519042969
1.1340697,909.336218261719
1.1369377,909.39951171875
1.1390381,909.489294433594
1.14,909.465734863281
1.1409619,909.546850585937
1.1430622,909.581579589844
1.1459303,909.689184570313
1.1490697,909.759191894531
1.1519377,909.865698242188
1.1540381,909.898840332031
1.155,909.979833984375
1.1559619,909.95419921875
1.1580622,910.042333984375
1.1609303,910.100744628906
1.1640697,910.211950683594
1.1669377,910.269140625
1.169038,910.355871582031
1.17,910.3287109375
1.1709619,910.409643554688
1.1730622,910.439428710938
1.1759303,910.542333984375
1.1790696,910.605505371094
1.1819377,910.707312011719
1.184038,910.735571289063
1.185,910.816198730469
1.1859618,910.787023925781
1.1880622,910.871862792969
1.1909302,910.923864746094
1.1940697,911.029699707031
1.1969378,911.080358886719
1.1990381,911.163793945313
1.2,911.133032226562
1.200962,911.213903808594
1.2030623,911.238500976562
1.2059304,911.336340332031
1.2090697,911.392431640625
1.2119378,911.489111328125
1.2140381,911.512121582031
1.215,911.592565917969
1.2159619,911.55966796875
1.2180623,911.641149902344
1.2209303,911.686499023437
1.2240697,911.786535644531
1.2269378,911.830541992187
1.2290381,911.910498046875
1.23,911.875952148437
1.2309619,911.956396484375
1.2330623,911.97568359375
1.2359303,912.068395996094
1.2390697,912.117041015625
1.2419378,912.208471679688
1.2440381,912.226293945312
1.245,912.306433105469
1.2459619,912.269567871094
1.2480623,912.347570800781
1.2509303,912.38583984375
1.2540697,912.479956054687
1.2569377,912.516943359375
1.2590381,912.593359375
1.26,912.55478515625
1.2609619,912.635229492187
1.2630622,912.648962402344
1.2659303,912.736120605469
1.2690697,912.777197265625
1.2719377,912.863195800781
1.2740381,912.875280761719
1.275,912.955297851562
1.2759619,912.914404296875
1.2780622,912.988806152344
1.2809303,913.019934082031
1.2840697,913.107824707031
1.2869377,913.13779296875
1.2890381,913.210424804688
1.29,913.167761230469
1.2909619,913.248022460937
1.2930622,913.256140136719
1.2959303,913.337805175781
1.2990696,913.370886230469
1.3019377,913.45126953125
1.304038,913.457556152344
1.305,913.537451171875
1.3059618,913.492407226562
1.3080622,913.563024902344
1.3109303,913.586889648438
1.3140697,913.6685546875
1.3169378,913.691015625
1.3190382,913.759985351562
1.32,913.713232421875
1.320962,913.793005371094
1.3230623,913.795385742188
1.3259304,913.871374511719
1.3290697,913.896520996094
1.3319378,913.971105957031
1.3340381,913.971594238281
1.335,914.051000976563
1.3359619,914.00205078125
1.3380623,914.068823242187
1.3409303,914.085180664062
1.3440697,914.16025390625
1.3469378,914.175390625
1.3490381,914.240270996094
1.35,914.189794921875
1.3509619,914.268835449219
1.3530623,914.265539550781
1.3559303,914.335363769531
1.3590697,914.352758789062
1.3619378,914.421179199219
1.3640381,914.416235351563
1.365,914.494543457031
1.3659619,914.442053222656
1.3680623,914.504614257812
1.3709303,914.513830566406
1.3740697,914.581884765625
1.3769377,914.589880371094
1.3790381,914.650183105469
1.38,914.596960449219
1.3809619,914.674291992188
1.3830622,914.665808105469
1.3859303,914.728979492188
1.3890697,914.738989257813
1.3919377,914.800695800781
1.3940381,914.790808105469
1.395,914.866369628906
1.3959619,914.812414550781
1.3980622,914.869360351563
1.4009303,914.872290039063
1.4040697,914.932531738281
1.4069377,914.934301757813
1.4090381,914.988989257813
1.41,914.935034179688
1.4109619,915.008154296875
1.4130622,914.996130371094
1.4159303,915.051428222656
1.4190696,915.055029296875
1.4219377,915.108801269531
1.424038,915.095434570313
1.425,915.165441894531
1.4259619,915.113012695313
1.4280622,915.162634277344
1.4309303,915.160864257813
1.4340698,915.211706542969
1.4369378,915.208837890625
1.4390382,915.256323242187
1.44,915.205541992187
1.440962,915.269934082031
1.4430623,915.256994628906
1.4459304,915.30234375
1.4490697,915.301550292969
1.4519378,915.345678710938
1.4540381,915.330541992187
1.455,915.390417480469
1.455962,915.345251464844
1.4580623,915.384313964844
1.4609303,915.380102539062
1.4640697,915.420385742188
1.4669378,915.413732910156
1.4690381,915.453466796875
1.47,915.4087890625
1.4709619,915.460302734375
1.4730623,915.448767089844
1.4759303,915.483740234375
1.4790697,915.477697753906
1.4819378,915.515173339844
1.4840381,915.493811035156
1.485,915.551489257813
1.4859619,915.5064453125
1.4880623,915.540686035156
1.4909303,915.524877929687
1.4940697,915.5689453125
1.4969378,915.538732910156
1.4990381,915.600866699219
1.5,915.537939453125
